{"nodes":{"node:1":{"location":{"x":0,"y":0}}},"selection":null,"view":{"scroll":{"x":-113.90869140625,"y":-192.40155029296875},"visible_rect":{"max":{"x":560.69659423828125,"y":329.83404541015625},"min":{"x":-93.0899658203125,"y":-157.2369384765625}},"zoom":1.22364091873168945}}